id,state,district,r112,r113,r114,diff1213,diff1314
"011103114098",District Of Columbia,"98",,,,,
"012113114021",Florida,"21","52.3210035297976","27.5799731465141","27.5799731465141","-24.7410303832835","0"
"005113114003",Arkansas,"3","3.90858199371181","7.91277117686122","7.91277117686122","4.00418918314941","0"
"020113114001",Kansas,"1","1.45062842134916","1.48701156489625","1.48701156489625","0.0363831435470965","0"
"020113114002",Kansas,"2","3.59699337307187","3.02948064904601","3.02948064904601","-0.567512724025861","0"
"021113114001",Kentucky,"1","5.31941620245669","5.63790045660977","5.63790045660977","0.318484254153085","0"
"021113114002",Kentucky,"2","5.23993938640661","7.60026561655688","7.60026561655688","2.36032623015027","0"
"021113114004",Kentucky,"4","6.74449011106568","9.17733040681998","9.17733040681998","2.4328402957543","0"
"021113114005",Kentucky,"5","3.83125245082021","4.29625289717351","4.29625289717351","0.465000446353303","0"
"021113114006",Kentucky,"6","6.08721270421694","8.13640383000473","8.13640383000473","2.04919112578779","0"
"022113114001",Louisiana,"1","11.2300943073352","81.2933415306783","81.2933415306783","70.0632472233431","0"
"022113114002",Louisiana,"2","57.1033318262672","27.1606194583372","27.1606194583372","-29.94271236793","0"
"022113114003",Louisiana,"3","38.6512698174381","8.5243784110447","8.5243784110447","-30.1268914063934","0"
"022113114004",Louisiana,"4","4.72332253488361","5.02775596050517","5.02775596050517","0.304433425621556","0"
"022113114005",Louisiana,"5","5.32652208701583","5.94147202731566","5.94147202731566","0.614949940299827","0"
"022113114006",Louisiana,"6","8.41807403518068","13.2718100522566","13.2718100522566","4.85373601707591","0"
"023113114001",Maine,"1","30.9853570106063","39.2533201821521","39.2533201821521","8.26796317154579","0"
"023113114002",Maine,"2","4.9503619461012","5.74082721826503","5.74082721826503","0.790465272163829","0"
"042113114006",Pennsylvania,"6","26.5388101495571","25.8306381226465","25.8306381226465","-0.708172026910599","0"
"042113114007",Pennsylvania,"7","30.7385341678397","36.6411582265261","36.6411582265261","5.9026240586864","0"
"042113114012",Pennsylvania,"12","18.4796833843698","14.5986215361722","14.5986215361722","-3.88106184819763","0"
"042113114013",Pennsylvania,"13","44.3838335900846","63.3294675848034","63.3294675848034","18.9456339947188","0"
"042113114014",Pennsylvania,"14","53.5088310135679","43.4589365498712","43.4589365498712","-10.0498944636967","0"
"042113114015",Pennsylvania,"15","17.2643560837812","16.2468625122639","16.2468625122639","-1.01749357151727","0"
"042113114016",Pennsylvania,"16","12.5421333139698","19.2129110924856","19.2129110924856","6.67077777851578","0"
"042113114017",Pennsylvania,"17","9.01755373453288","18.199520783337","18.199520783337","9.18196704880413","0"
"012113114017",Florida,"17","45.4176214191826","7.97764184998576","7.97764184998576","-37.4399795691969","0"
"012113114018",Florida,"18","214.300759520482","16.6117789689617","16.6117789689617","-197.68898055152","0"
"012113114020",Florida,"20","86.0062550385042","9.57103001645023","9.57103001645023","-76.435225022054","0"
"012113114022",Florida,"22","103.12330680722","82.8127993768225","82.8127993768225","-20.3105074303979","0"
"012113114023",Florida,"23","10.5812924079157","57.8189388087843","57.8189388087843","47.2376464008686","0"
"012113114024",Florida,"24","31.639398795926","52.9510526310562","52.9510526310562","21.3116538351302","0"
"012113114025",Florida,"25","17.206074764934","12.4594698124037","12.4594698124037","-4.74660495253034","0"
"013113114001",Georgia,"1","9.76143109342957","13.6994076735267","13.6994076735267","3.93797658009714","0"
"013113114002",Georgia,"2","3.9325399382811","4.09606563633462","4.09606563633462","0.163525698053516","0"
"017113114008",Illinois,"8","19.160744844714","41.9426093518437","41.9426093518437","22.7818645071297","0"
"008113114004",Colorado,"4","2.06428439087006","1.82330210776139","1.82330210776139","-0.24098228310868","0"
"009113114005",Connecticut,"5","12.2476910225004","12.3168128105874","12.3168128105874","0.0691217880869637","0"
"012113114001",Florida,"1","11.2426267713987","13.990996361515","13.990996361515","2.74836959011636","0"
"012113114002",Florida,"2","11.9487015628097","10.7744743622087","10.7744743622087","-1.17422720060102","0"
"012113114003",Florida,"3","20.1682519745304","7.79061462630686","7.79061462630686","-12.3776373482236","0"
"012113114011",Florida,"11","105.79940411604","19.8444627789735","19.8444627789735","-85.9549413370662","0"
"042113114018",Pennsylvania,"18","23.5717792246254","11.5073865380823","11.5073865380823","-12.0643926865431","0"
"045113114001",South Carolina,"1","30.4713374059637","81.0527751479853","81.0527751479853","50.5814377420216","0"
"045113114002",South Carolina,"2","21.8656609346661","9.86735323641114","9.86735323641114","-11.998307698255","0"
"045113114003",South Carolina,"3","6.16804628941396","5.2642857069947","5.2642857069947","-0.90376058241926","0"
"045113114004",South Carolina,"4","8.85255653080442","12.0219806238744","12.0219806238744","3.16942409306997","0"
"045113114005",South Carolina,"5","5.23779041998703","6.5215279154709","6.5215279154709","1.28373749548387","0"
"045113114006",South Carolina,"6","6.81321940579906","11.2846800282182","11.2846800282182","4.47146062241918","0"
"017113114009",Illinois,"9","53.3538447277631","58.9424995645539","58.9424995645539","5.58865483679079","0"
"017113114011",Illinois,"11","8.19142391824269","36.768524620695","36.768524620695","28.5771007024523","0"
"017113114012",Illinois,"12","6.57077404874554","6.07092941083735","6.07092941083735","-0.499844637908189","0"
"017113114014",Illinois,"14","8.85542499740963","13.1339462404347","13.1339462404347","4.27852124302506","0"
"017113114015",Illinois,"15","5.28128254406401","3.87445294393642","3.87445294393642","-1.40682960012759","0"
"017113114016",Illinois,"16","5.84967834417278","4.97059306409276","4.97059306409276","-0.879085280080023","0"
"017113114017",Illinois,"17","9.90652664057066","5.82977355655767","5.82977355655767","-4.07675308401298","0"
"017113114018",Illinois,"18","4.85479947636367","4.41044078434988","4.41044078434988","-0.444358692013793","0"
"018113114002",Indiana,"2","5.94584358133512","4.94599009154874","4.94599009154874","-0.999853489786383","0"
"018113114004",Indiana,"4","8.37661712292562","4.05172356774862","4.05172356774862","-4.324893555177","0"
"018113114005",Indiana,"5","9.0513402731878","8.32542711026838","8.32542711026838","-0.725913162919422","0"
"018113114006",Indiana,"6","5.79490684522465","3.90251508299545","3.90251508299545","-1.8923917622292","0"
"018113114008",Indiana,"8","5.41465343473108","5.40432002343815","5.40432002343815","-0.010333411292927","0"
"018113114009",Indiana,"9","5.66297961102207","5.27985603044642","5.27985603044642","-0.38312358057565","0"
"019113114001",Iowa,"1","4.12858582837487","3.72871923023293","3.72871923023293","-0.399866598141943","0"
"019113114002",Iowa,"2","4.42838799061347","3.38775855183095","3.38775855183095","-1.04062943878252","0"
"019113114003",Iowa,"3","4.23902909613311","3.40694621883722","3.40694621883722","-0.832082877295887","0"
"019113114004",Iowa,"4","3.07969616237886","2.25021743839124","2.25021743839124","-0.829478723987622","0"
"027113114004",Minnesota,"4","21.4283039015322","14.8769100095017","14.8769100095017","-6.55139389203049","0"
"031113114001",Nebraska,"1","3.72114847132406","4.0387765156479","4.0387765156479","0.317628044323842","0"
"031113114003",Nebraska,"3","1.22248514346784","1.41901576090192","1.41901576090192","0.196530617434082","0"
"032113114002",Nevada,"2","0.902478651830469","1.21695759922874","1.21695759922874","0.314478947398275","0"
"032113114003",Nevada,"3","8.19192017811949","6.39531204964814","6.39531204964814","-1.79660812847135","0"
"033113114001",New Hampshire,"1","10.4989548386126","11.642315489624","11.642315489624","1.14336065101144","0"
"033113114002",New Hampshire,"2","5.98230917516883","6.51939485801769","6.51939485801769","0.53708568284886","0"
"034113114002",New Jersey,"2","25.3236272157835","29.4177705168044","29.4177705168044","4.09414330102095","0"
"034113114003",New Jersey,"3","33.0058858878356","23.180260229652","23.180260229652","-9.82562565818369","0"
"034113114004",New Jersey,"4","18.5319440105715","19.5626230199606","19.5626230199606","1.03067900938914","0"
"034113114005",New Jersey,"5","13.83344216626","14.6877231542748","14.6877231542748","0.85428098801483","0"
"034113114006",New Jersey,"6","77.7486819510977","65.5574348926425","65.5574348926425","-12.1912470584552","0"
"035113114001",New Mexico,"1","5.89583358537141","6.47097203860202","6.47097203860202","0.575138453230605","0"
"035113114002",New Mexico,"2","1.34676536826115","1.32054638759414","1.32054638759414","-0.026218980667009","0"
"035113114003",New Mexico,"3","1.70081966794479","1.71768919719777","1.71768919719777","0.0168695292529786","0"
"036113114006",New York,"6","111.577465914776","68.1703546384025","68.1703546384025","-43.4071112763736","0"
"030103114000",Montana,"0","0.813078096531314","0.813078096531314","0.813078096531314","0","0"
"046108114000",South Dakota,"0","1.05644395573856","1.05644395573856","1.05644395573856","0","0"
"037113114002",North Carolina,"2","12.3515445999369","11.7904689480056","11.7904689480056","-0.561075651931283","0"
"037113114003",North Carolina,"3","42.48238159157","36.584916427296","36.584916427296","-5.89746516427399","0"
"037113114004",North Carolina,"4","11.9973172610411","30.7121492991414","30.7121492991414","18.7148320381002","0"
"037113114005",North Carolina,"5","6.92242684077452","9.34375587180491","9.34375587180491","2.42132903103039","0"
"037113114006",North Carolina,"6","13.6730980985869","10.5283657013587","10.5283657013587","-3.14473239722819","0"
"037113114007",North Carolina,"7","11.0312951757597","12.9529119429271","12.9529119429271","1.92161676716737","0"
"037113114008",North Carolina,"8","8.24948760583801","6.93331934257329","6.93331934257329","-1.31616826326472","0"
"037113114009",North Carolina,"9","20.1299750221361","25.1503576218248","25.1503576218248","5.02038259968865","0"
"037113114010",North Carolina,"10","8.91754389478602","9.2282822874995","9.2282822874995","0.310738392713485","0"
"037113114011",North Carolina,"11","5.64540444078609","5.84859680744724","5.84859680744724","0.203192366661153","0"
"037113114012",North Carolina,"12","41.0565276947061","54.8532096030315","54.8532096030315","13.7966819083254","0"
"047113114001",Tennessee,"1","7.38245376164326","7.29855880433595","7.29855880433595","-0.0838949573073133","0"
"047113114002",Tennessee,"2","8.20498636289523","13.5784813867542","13.5784813867542","5.37349502385901","0"
"029113114001",Missouri,"1","22.8987370677657","27.2963533934322","27.2963533934322","4.39761632566654","0"
"048113114013",Texas,"13","2.44439936057495","2.22366806196817","2.22366806196817","-0.220731298606775","0"
"047113114003",Tennessee,"3","11.898922386024","9.46388045881183","9.46388045881183","-2.4350419272122","0"
"047113114004",Tennessee,"4","6.14698409834196","7.65484730110198","7.65484730110198","1.50786320276002","0"
"047113114005",Tennessee,"5","17.3750841318413","11.5139393411262","11.5139393411262","-5.86114479071513","0"
"047113114006",Tennessee,"6","7.03072576685331","5.71452331131961","5.71452331131961","-1.3162024555337","0"
"047113114007",Tennessee,"7","9.82073497833365","4.90516716154883","4.90516716154883","-4.91556781678482","0"
"047113114008",Tennessee,"8","5.43261659985107","5.26876523498788","5.26876523498788","-0.163851364863191","0"
"048113114001",Texas,"1","4.23937871873163","5.51363549531255","5.51363549531255","1.27425677658092","0"
"048113114002",Texas,"2","16.5544605586154","46.1939094190277","46.1939094190277","29.6394488604124","0"
"048113114003",Texas,"3","32.3641818620962","16.2056030302332","16.2056030302332","-16.158578831863","0"
"048113114004",Texas,"4","4.61007189543419","5.19452804134877","5.19452804134877","0.584456145914583","0"
"048113114005",Texas,"5","7.56997257705911","8.64457795311785","8.64457795311785","1.07460537605875","0"
"048113114006",Texas,"6","7.27864438391282","10.353014429718","10.353014429718","3.07437004580518","0"
"048113114008",Texas,"8","4.7565958496461","6.00315019282126","6.00315019282126","1.24655434317516","0"
"048113114010",Texas,"10","9.61908912225282","8.19387297771134","8.19387297771134","-1.42521614454148","0"
"048113114011",Texas,"11","2.39478389672511","3.05654984314368","3.05654984314368","0.661765946418578","0"
"048113114014",Texas,"14","19.5139424733888","22.925798329974","22.925798329974","3.41185585658524","0"
"048113114015",Texas,"15","5.94837776327993","7.32026734518085","7.32026734518085","1.37188958190092","0"
"048113114017",Texas,"17","6.02122695272278","5.92352943975871","5.92352943975871","-0.0976975129640758","0"
"048113114018",Texas,"18","44.4395815558545","52.2581176883672","52.2581176883672","7.81853613251273","0"
"048113114019",Texas,"19","3.53933928102648","2.64533837714566","2.64533837714566","-0.89400090388082","0"
"048113114020",Texas,"20","44.9520891246533","37.8312972009658","37.8312972009658","-7.12079192368753","0"
"048113114021",Texas,"21","9.0132471285232","6.82899582075788","6.82899582075788","-2.18425130776533","0"
"048113114022",Texas,"22","22.8461829217446","18.5589088601084","18.5589088601084","-4.28727406163615","0"
"048113114023",Texas,"23","2.39027059867852","2.07407857936633","2.07407857936633","-0.316192019312189","0"
"048113114024",Texas,"24","32.4971424215865","29.720193586925","29.720193586925","-2.77694883466147","0"
"048113114025",Texas,"25","5.75638139135563","6.43865115318019","6.43865115318019","0.682269761824565","0"
"026113114003",Michigan,"3","6.81460091385939","8.17720547231788","8.17720547231788","1.3626045584585","0"
"006113114010",California,"10","37.0451764508273","8.88332475441931","8.88332475441931","-28.161851696408","0"
"006113114011",California,"11","15.0387105614176","25.8335057300356","25.8335057300356","10.794795168618","0"
"006113114014",California,"14","22.544408623994","39.5899375286625","39.5899375286625","17.0455289046685","0"
"006113114015",California,"15","52.5023283394152","16.6221399481969","16.6221399481969","-35.8801883912183","0"
"006113114016",California,"16","45.5278690400982","8.05959376345014","8.05959376345014","-37.468275276648","0"
"006113114029",California,"29","72.0811764176209","50.3673217218023","50.3673217218023","-21.7138546958186","0"
"006113114032",California,"32","73.5510950300826","56.7215890606057","56.7215890606057","-16.8295059694769","0"
"006113114038",California,"38","80.0919718605207","51.1009730095351","51.1009730095351","-28.9909988509855","0"
"006113114039",California,"39","105.535904015544","34.6515635945482","34.6515635945482","-70.8843404209962","0"
"006113114040",California,"40","67.8772665331429","62.8317302441385","62.8317302441385","-5.04553628900434","0"
"006113114041",California,"41","2.97626707002291","29.3783379680387","29.3783379680387","26.4020708980158","0"
"006113114042",California,"42","31.1939730960108","21.7618541978371","21.7618541978371","-9.43211889817367","0"
"006113114045",California,"45","5.72677417620275","21.5106533846666","21.5106533846666","15.7838792084638","0"
"006113114046",California,"46","68.5642705096604","50.2763992576479","50.2763992576479","-18.2878712520124","0"
"006113114049",California,"49","13.0516352145287","24.7579472993513","24.7579472993513","11.7063120848226","0"
"006113114051",California,"51","6.64262555218893","6.52746022187795","6.52746022187795","-0.115165330310975","0"
"006113114052",California,"52","9.92388513761191","55.0548945279022","55.0548945279022","45.1310093902903","0"
"006113114053",California,"53","118.589630354776","48.8620238159183","48.8620238159183","-69.7276065388573","0"
"008113114006",Colorado,"6","5.85275729891614","29.2043873280234","29.2043873280234","23.3516300291072","0"
"008113114007",Colorado,"7","17.1075506461514","30.7827677357128","30.7827677357128","13.6752170895614","0"
"012113114006",Florida,"6","10.9083595552999","19.761049499569","19.761049499569","8.85268994426909","0"
"012113114007",Florida,"7","16.8910989155219","20.7363003764544","20.7363003764544","3.84520146093247","0"
"012113114008",Florida,"8","18.4993411822104","30.6519785470394","30.6519785470394","12.152637364829","0"
"012113114009",Florida,"9","33.8140407786781","9.29725117451795","9.29725117451795","-24.5167896041602","0"
"012113114015",Florida,"15","19.3392417263373","15.2009725662524","15.2009725662524","-4.1382691600849","0"
"012113114016",Florida,"16","11.6492650272309","35.435418156268","35.435418156268","23.7861531290371","0"
"013113114003",Georgia,"3","7.30393550209506","6.71670020477048","6.71670020477048","-0.58723529732458","0"
"013113114007",Georgia,"7","14.3508609408819","21.9759640676918","21.9759640676918","7.6251031268099","0"
"013113114008",Georgia,"8","6.06486974824731","6.0646787649658","6.0646787649658","-0.00019098328150946","0"
"013113114009",Georgia,"9","5.39863199830696","5.68417500034551","5.68417500034551","0.285543002038548","0"
"027113114005",Minnesota,"5","31.8662188712789","28.3908956929957","28.3908956929957","-3.47532317828318","0"
"034113114012",New Jersey,"12","30.3655247945896","26.6787580814697","26.6787580814697","-3.68676671311984","0"
"013113114010",Georgia,"10","6.23260697474526","5.04723490091816","5.04723490091816","-1.1853720738271","0"
"013113114011",Georgia,"11","6.86317129256402","12.8858251806292","12.8858251806292","6.02265388806519","0"
"013113114012",Georgia,"12","5.04466011079679","5.79497026486234","5.79497026486234","0.75031015406555","0"
"013113114013",Georgia,"13","26.5787967480391","20.7950184270222","20.7950184270222","-5.78377832101694","0"
"015113114002",Hawaii,"2","11.1806536094139","12.7540040823329","12.7540040823329","1.57335047291896","0"
"016113114001",Idaho,"1","2.23263536851725","2.31724269461751","2.31724269461751","0.0846073261002585","0"
"016113114002",Idaho,"2","1.72102648351473","1.78845538293388","1.78845538293388","0.0674288994191499","0"
"017113114004",Illinois,"4","179.097712290181","129.649220714032","129.649220714032","-49.4484915761486","0"
"024113114001",Maryland,"1","50.1161976471212","39.0373321290423","39.0373321290423","-11.0788655180789","0"
"024113114002",Maryland,"2","103.173610668931","94.1189865749062","94.1189865749062","-9.05462409402523","0"
"024113114003",Maryland,"3","79.1528416031274","92.3207573075425","92.3207573075425","13.1679157044151","0"
"024113114004",Maryland,"4","42.0846869225224","56.6306969896324","56.6306969896324","14.54601006711","0"
"024113114005",Maryland,"5","35.9865203455048","29.9851902602807","29.9851902602807","-6.00133008522407","0"
"024113114006",Maryland,"6","12.115510788894","18.1529021646176","18.1529021646176","6.03739137572362","0"
"024113114007",Maryland,"7","31.0516616814498","32.8640626076636","32.8640626076636","1.81240092621379","0"
"025113114004",Massachusetts,"4","32.0131526975753","22.1425122170778","22.1425122170778","-9.87064048049749","0"
"025113114009",Massachusetts,"9","32.348905300829","46.5835461207266","46.5835461207266","14.2346408198976","0"
"026113114001",Michigan,"1","6.37977238940987","7.42008603641472","7.42008603641472","1.04031364700485","0"
"026113114004",Michigan,"4","5.53146443389718","3.64867007936254","3.64867007936254","-1.88279435453464","0"
"026113114008",Michigan,"8","7.92578335876823","9.40617912964363","9.40617912964363","1.4803957708754","0"
"026113114010",Michigan,"10","8.10214668063165","7.87255001927472","7.87255001927472","-0.229596661356931","0"
"027113114001",Minnesota,"1","3.33617751698661","3.65431856517359","3.65431856517359","0.318141048186974","0"
"027113114002",Minnesota,"2","6.86818959466161","7.71403760133719","7.71403760133719","0.845848006675578","0"
"027113114003",Minnesota,"3","18.0735940875362","16.3388883614511","16.3388883614511","-1.73470572608512","0"
"027113114006",Minnesota,"6","7.5128480962968","8.0745370384559","8.0745370384559","0.561688942159104","0"
"027113114007",Minnesota,"7","2.15964888236459","2.31690998782238","2.31690998782238","0.157261105457782","0"
"027113114008",Minnesota,"8","2.23959414515145","2.27006024242972","2.27006024242972","0.0304660972782762","0"
"006113114034",California,"34","61.6422624043154","62.7612598054947","62.7612598054947","1.11899740117939","0"
"001113114001",Alabama,"1","11.9203397678613","11.9454858852195","11.9454858852195","0.0251461173582719","0"
"001113114002",Alabama,"2","4.29709636500226","4.81008995446107","4.81008995446107","0.512993589458803","0"
"001113114003",Alabama,"3","5.51181718486799","5.3588959269852","5.3588959269852","-0.152921257882797","0"
"001113114004",Alabama,"4","5.76567658972702","5.41658108615863","5.41658108615863","-0.349095503568383","0"
"001113114005",Alabama,"5","6.76993747212835","6.97728052207762","6.97728052207762","0.20734304994927","0"
"001113114006",Alabama,"6","9.88948785278629","9.37955971595052","9.37955971595052","-0.50992813683577","0"
"001113114007",Alabama,"7","7.25946607838511","6.10537721039444","6.10537721039444","-1.15408886799066","0"
"004113114005",Arizona,"5","11.8980782934534","18.1464697826651","18.1464697826651","6.24839148921164","0"
"004113114007",Arizona,"7","2.93692691375073","24.4666016686095","24.4666016686095","21.5296747548588","0"
"004113114008",Arizona,"8","3.56927240630305","21.2922345773025","21.2922345773025","17.7229621709995","0"
"005113114001",Arkansas,"1","4.03618800317872","4.43215310482814","4.43215310482814","0.395965101649428","0"
"005113114002",Arkansas,"2","5.98771206251529","6.32643709124874","6.32643709124874","0.338725028733448","0"
"028113114001",Mississippi,"1","3.32105681305652","3.68697166762995","3.68697166762995","0.365914854573425","0"
"028113114002",Mississippi,"2","5.36366166892183","4.61153596965856","4.61153596965856","-0.752125699263279","0"
"028113114003",Mississippi,"3","4.93194048483656","4.98595384369625","4.98595384369625","0.0540133588596907","0"
"028113114004",Mississippi,"4","6.27576729057232","6.6453265659347","6.6453265659347","0.369559275362383","0"
"029113114002",Missouri,"2","15.6641869342748","22.1955122474726","22.1955122474726","6.53132531319779","0"
"029113114003",Missouri,"3","12.7917168107394","5.62303111688056","5.62303111688056","-7.16868569385881","0"
"029113114004",Missouri,"4","3.81510240237477","3.75204242896434","3.75204242896434","-0.0630599734104322","0"
"029113114006",Missouri,"6","4.18208874033601","3.39059030667946","3.39059030667946","-0.791498433656556","0"
"029113114007",Missouri,"7","4.461839359202","4.12812364251455","4.12812364251455","-0.333715716687447","0"
"029113114008",Missouri,"8","3.12555946567403","2.66822789208674","2.66822789208674","-0.457331573587287","0"
"048113114026",Texas,"26","15.0309479950207","10.5006373286101","10.5006373286101","-4.53031066641056","0"
"048113114027",Texas,"27","26.830306312794","18.7541816546235","18.7541816546235","-8.07612465817042","0"
"048113114028",Texas,"28","4.7087579565948","6.36488996239362","6.36488996239362","1.65613200579882","0"
"048113114029",Texas,"29","52.8450616128287","55.8843461890077","55.8843461890077","3.03928457617898","0"
"048113114031",Texas,"31","5.37579396880311","7.17523077856669","7.17523077856669","1.79943680976358","0"
"048113114032",Texas,"32","53.253506290093","45.0386997312041","45.0386997312041","-8.21480655888883","0"
"049113114001",Utah,"1","2.28457633214564","2.8212355369912","2.8212355369912","0.536659204845558","0"
"049113114002",Utah,"2","1.78033101525382","1.77473109923244","1.77473109923244","-0.0055999160213851","0"
"004113114003",Arizona,"3","15.5680149490927","3.6183737914535","3.6183737914535","-11.9496411576392","0"
"049113114003",Utah,"3","2.979774563328","3.3760697444926","3.3760697444926","0.3962951811646","0"
"051113114001",Virginia,"1","28.6367648344696","29.1883604079862","29.1883604079862","0.551595573516636","0"
"051113114002",Virginia,"2","129.57300123344","132.811477829342","132.811477829342","3.23847659590132","0"
"051113114009",Virginia,"9","5.71018132519164","5.62731294053725","5.62731294053725","-0.0828683846543905","0"
"051113114010",Virginia,"10","12.0730512222867","16.7590214393562","16.7590214393562","4.68597021706951","0"
"051113114011",Virginia,"11","31.0754917404394","57.5066626316733","57.5066626316733","26.4311708912339","0"
"053113114001",Washington,"1","37.4013060214919","5.96034648994651","5.96034648994651","-31.4409595315454","0"
"053113114002",Washington,"2","11.0248329290334","59.0132347801171","59.0132347801171","47.9884018510837","0"
"053113114003",Washington,"3","5.98506837940198","5.622913675809","5.622913675809","-0.362154703592971","0"
"053113114004",Washington,"4","2.62335780396442","3.07168928999614","3.07168928999614","0.448331486031726","0"
"006113114005",California,"5","41.7502251168705","15.5010769828924","15.5010769828924","-26.2491481339781","0"
"006113114018",California,"18","10.4590818568373","19.037780323011","19.037780323011","8.57869846617367","0"
"006113114019",California,"19","6.62871873936999","15.6880541783494","15.6880541783494","9.05933543897944","0"
"006113114020",California,"20","8.36767885974667","5.93169659317986","5.93169659317986","-2.43598226656681","0"
"006113114021",California,"21","4.26390507886925","6.13518935091222","6.13518935091222","1.87128427204297","0"
"006113114022",California,"22","5.05459333400578","15.4995628729641","15.4995628729641","10.4449695389584","0"
"006113114023",California,"23","44.4485577510333","5.02631341946001","5.02631341946001","-39.4222443315733","0"
"006113114024",California,"24","7.28446344394484","6.73527995470546","6.73527995470546","-0.54918348923938","0"
"006113114025",California,"25","3.35963958001986","11.5553967578848","11.5553967578848","8.19575717786495","0"
"006113114026",California,"26","21.7406610062223","16.5494575352517","16.5494575352517","-5.19120347097059","0"
"053113114005",Washington,"5","2.3483328419289","2.48254243412595","2.48254243412595","0.13420959219705","0"
"053113114006",Washington,"6","9.48957963026084","10.831386829222","10.831386829222","1.3418071989612","0"
"053113114008",Washington,"8","7.20866992829692","5.54797854837204","5.54797854837204","-1.66069137992488","0"
"053113114009",Washington,"9","27.5229773034531","56.0380251511273","56.0380251511273","28.5150478476742","0"
"054113114001",West Virginia,"1","7.0524079925303","7.24217076052339","7.24217076052339","0.189762767993091","0"
"054113114002",West Virginia,"2","7.46068166330073","7.88768760508586","7.88768760508586","0.42700594178513","0"
"054113114003",West Virginia,"3","4.78454757237358","5.20735202805126","5.20735202805126","0.422804455677674","0"
"055113114001",Wisconsin,"1","9.10142007645338","9.31789848256847","9.31789848256847","0.21647840611509","0"
"055113114002",Wisconsin,"2","5.66248773025692","4.82910958540979","4.82910958540979","-0.83337814484713","0"
"055113114003",Wisconsin,"3","2.92869343542775","4.76383940119859","4.76383940119859","1.83514596577085","0"
"006113114027",California,"27","51.3453154226494","17.7553669441534","17.7553669441534","-33.589948478496","0"
"010103114000",Delaware,"0","12.4598436329202","12.4598436329202","12.4598436329202","0","0"
"038103114000",North Dakota,"0","1.15235684817682","1.15235684817682","1.15235684817682","0","0"
"050103114000",Vermont,"0","3.50827521117406","3.50827521117406","3.50827521117406","0","0"
"056103114000",Wyoming,"0","0.786622468365785","0.786622468365785","0.786622468365785","0","0"
"004113114001",Arizona,"1","2.25456938265565","2.09152287749075","2.09152287749075","-0.163046505164892","0"
"004113114002",Arizona,"2","5.40753622953962","3.71229203785703","3.71229203785703","-1.69524419168259","0"
"002103114000",Alaska,"0","3.1173692502673","3.1173692502673","3.1173692502673","0","0"
"006113114031",California,"31","104.829059833679","51.7966972444041","51.7966972444041","-53.0323625892745","0"
"034113114009",New Jersey,"9","50.844477736687","53.5166437896096","53.5166437896096","2.67216605292263","0"
"036113114001",New York,"1","57.1412202154693","59.5132652304726","59.5132652304726","2.3720450150033","0"
"036113114002",New York,"2","48.3846696881416","86.5779070840053","86.5779070840053","38.1932373958636","0"
"036113114003",New York,"3","155.802806912469","45.4865956376813","45.4865956376813","-110.316211274788","0"
"036113114007",New York,"7","176.094186428208","211.072890255218","211.072890255218","34.9787038270097","0"
"036113114008",New York,"8","361.313877507945","176.840415572575","176.840415572575","-184.473461935371","0"
"036113114009",New York,"9","209.872620902334","98.8810669536196","98.8810669536196","-110.991553948715","0"
"036113114012",New York,"12","189.527268520952","178.468754777373","178.468754777373","-11.0585137435787","0"
"036113114017",New York,"17","51.7849930458286","26.4053178808077","26.4053178808077","-25.379675165021","0"
"036113114018",New York,"18","37.242746504887","10.3579367874629","10.3579367874629","-26.8848097174242","0"
"039113114001",Ohio,"1","18.2256150072782","20.7786714923199","20.7786714923199","2.5530564850417","0"
"039113114002",Ohio,"2","8.96023516501985","7.98376577291244","7.98376577291244","-0.976469392107409","0"
"039113114003",Ohio,"3","11.6356412651635","59.409148389081","59.409148389081","47.7735071239174","0"
"039113114004",Ohio,"4","5.89899000466925","8.31692937219871","8.31692937219871","2.41793936752946","0"
"006113114033",California,"33","89.2500053746695","41.3162395817659","41.3162395817659","-47.9337657929036","0"
"039113114005",Ohio,"5","5.53620316964419","5.06905911451757","5.06905911451757","-0.467144055126619","0"
"039113114006",Ohio,"6","8.77568704214729","6.54013630499933","6.54013630499933","-2.23555073714796","0"
"039113114007",Ohio,"7","9.37763656529096","9.76219780272243","9.76219780272243","0.38456123743147","0"
"039113114008",Ohio,"8","9.6299413123308","8.23442751405565","8.23442751405565","-1.39551379827515","0"
"039113114009",Ohio,"9","24.0273842518184","59.2244142229712","59.2244142229712","35.1970299711529","0"
"039113114014",Ohio,"14","8.36530369366292","9.30449753093509","9.30449753093509","0.939193837272166","0"
"044113114001",Rhode Island,"1","51.2165942689639","64.4251196221661","64.4251196221661","13.2085253532022","0"
"051113114003",Virginia,"3","26.6656375315744","35.0892995175","35.0892995175","8.4236619859256","0"
"051113114004",Virginia,"4","7.87549291400541","8.24949799188628","8.24949799188628","0.374005077880869","0"
"051113114005",Virginia,"5","4.85286859965636","5.63739796152969","5.63739796152969","0.784529361873328","0"
"051113114006",Virginia,"6","7.51074490180906","7.01730647774969","7.01730647774969","-0.493438424059376","0"
"051113114007",Virginia,"7","8.73539241553109","11.4336585977425","11.4336585977425","2.69826618221145","0"
"051113114008",Virginia,"8","46.724347147151","42.4442951990023","42.4442951990023","-4.28005194814874","0"
"006113114037",California,"37","57.2575620963773","53.3053779308165","53.3053779308165","-3.95218416556086","0"
"006113114043",California,"43","30.9112418021743","47.740222383961","47.740222383961","16.8289805817867","0"
"006113114044",California,"44","19.974291818711","75.5512421373786","75.5512421373786","55.5769503186676","0"
"006113114047",California,"47","82.1344984102712","62.5426874831934","62.5426874831934","-19.5918109270778","0"
"026113114006",Michigan,"6","5.31246160429072","4.85438483723056","4.85438483723056","-0.458076767060153","0"
"026113114007",Michigan,"7","4.9768011906581","7.2279230633461","7.2279230633461","2.251121872688","0"
"006113114050",California,"50","25.2391264787203","9.01796378888776","9.01796378888776","-16.2211626898326","0"
"008113114001",Colorado,"1","47.6433416796804","50.3809360553108","50.3809360553108","2.73759437563033","0"
"008113114002",Colorado,"2","5.05635933730615","5.16587392595917","5.16587392595917","0.10951458865302","0"
"008113114003",Colorado,"3","1.66448821880718","1.65102453398881","1.65102453398881","-0.0134636848183751","0"
"012113114019",Florida,"19","52.6933043684077","88.5729510676799","88.5729510676799","35.8796466992722","0"
"013113114004",Georgia,"4","25.2631426337329","19.3988179867337","19.3988179867337","-5.86432464699927","0"
"013113114005",Georgia,"5","27.1927165554109","22.7344527150341","22.7344527150341","-4.45826384037688","0"
"026113114009",Michigan,"9","17.8091433999756","39.8121037411228","39.8121037411228","22.0029603411472","0"
"055113114008",Wisconsin,"8","5.15122541576511","6.8752469620459","6.8752469620459","1.72402154628079","0"
"039113114012",Ohio,"12","13.076574356048","12.0937755919298","12.0937755919298","-0.982798764118209","0"
"042113114011",Pennsylvania,"11","9.05580928351202","10.0587786070594","10.0587786070594","1.0029693235474","0"
"044113114002",Rhode Island,"2","14.9768340736577","15.8712123826364","15.8712123826364","0.894378308978734","0"
"048113114016",Texas,"16","18.2673869796121","11.4975117353491","11.4975117353491","-6.76987524426294","0"
"053113114007",Washington,"7","59.5230766352069","67.9598770006385","67.9598770006385","8.43680036543157","0"
"008113114005",Colorado,"5","3.89258706653676","4.15430529933521","4.15430529933521","0.261718232798451","0"
"009113114004",Connecticut,"4","26.0356944440648","30.1524488135009","30.1524488135009","4.11675436943616","0"
"012113114004",Florida,"4","12.5375347339198","18.6165346610208","18.6165346610208","6.07899992710105","0"
"012113114005",Florida,"5","12.2222394135254","29.7182696843457","29.7182696843457","17.4960302708203","0"
"012113114012",Florida,"12","11.1483382412727","18.5618320164691","18.5618320164691","7.41349377519643","0"
"013113114006",Georgia,"6","15.2886670367381","24.7554953729719","24.7554953729719","9.4668283362338","0"
"017113114001",Illinois,"1","60.4169604987143","38.0812844573762","38.0812844573762","-22.3356760413381","0"
"017113114003",Illinois,"3","41.7185006161046","34.3474108112765","34.3474108112765","-7.3710898048281","0"
"017113114005",Illinois,"5","72.9250333800224","71.5640794370795","71.5640794370795","-1.36095394294294","0"
"017113114006",Illinois,"6","25.7761822429779","32.6919234145959","32.6919234145959","6.91574117161804","0"
"017113114007",Illinois,"7","90.2684020704302","101.283234606149","101.283234606149","11.0148325357184","0"
"017113114013",Illinois,"13","16.8236931873215","6.56518660884099","6.56518660884099","-10.2585065784805","0"
"018113114007",Indiana,"7","31.0690846043404","17.2669957020945","17.2669957020945","-13.8020889022459","0"
"025113114005",Massachusetts,"5","17.0184916320282","32.6042343466689","32.6042343466689","15.5857427146407","0"
"026113114002",Michigan,"2","4.22047391311584","5.92073549877849","5.92073549877849","1.70026158566265","0"
"026113114014",Michigan,"14","56.4781249917885","53.3724335410854","53.3724335410854","-3.10569145070311","0"
"037113114001",North Carolina,"1","12.0675346868042","15.5053831524025","15.5053831524025","3.43784846559833","0"
"034113114008",New Jersey,"8","44.5986967621181","155.618421174798","155.618421174798","111.019724412679","0"
"034113114010",New Jersey,"10","94.3134328489082","80.2571182223711","80.2571182223711","-14.0563146265371","0"
"034113114011",New Jersey,"11","17.3397193573116","19.7353241205929","19.7353241205929","2.39560476328134","0"
"036113114021",New York,"21","7.06462530172114","4.06065943684755","4.06065943684755","-3.00396586487359","0"
"036113114026",New York,"26","7.18319580995631","33.8282600353535","33.8282600353535","26.6450642253972","0"
"039113114016",Ohio,"16","9.04869228199711","18.4651391687376","18.4651391687376","9.41644688674052","0"
"042113114002",Pennsylvania,"2","76.2788985263347","45.3610825550456","45.3610825550456","-30.9178159712891","0"
"042113114008",Pennsylvania,"8","15.5043258964534","13.7720758111155","13.7720758111155","-1.7322500853379","0"
"042113114009",Pennsylvania,"9","7.95305390989657","7.83896544274697","7.83896544274697","-0.114088467149602","0"
"042113114010",Pennsylvania,"10","6.45806474454005","6.20953259709601","6.20953259709601","-0.248532147444037","0"
"026113114013",Michigan,"13","47.8576249915459","37.5523500169961","37.5523500169961","-10.3052749745498","0"
"036113114016",New York,"16","95.8541911227074","58.8260539854913","58.8260539854913","-37.0281371372161","0"
"037113114013",North Carolina,"13","16.1524620955809","18.7201491969495","18.7201491969495","2.56768710136862","0"
"015113114001",Hawaii,"1","48.6958796636947","52.4492116388583","52.4492116388583","3.7533319751636","0"
"018113114001",Indiana,"1","6.15140486250488","9.65553704603811","9.65553704603811","3.50413218353323","0"
"047113114009",Tennessee,"9","28.9051028854665","22.7838764318762","22.7838764318762","-6.12122645359034","0"
"036113114011",New York,"11","130.185332817889","64.0088947386067","64.0088947386067","-66.1764380792826","0"
"036113114015",New York,"15","243.21495624046","107.573298354237","107.573298354237","-135.641657886223","0"
"048113114007",Texas,"7","37.8933324931902","48.7733388318849","48.7733388318849","10.8800063386948","0"
"036113114019",New York,"19","12.4149325569878","4.55543267300128","4.55543267300128","-7.8594998839865","0"
"036113114020",New York,"20","6.50359891172571","10.2881780789381","10.2881780789381","3.78457916721239","0"
"036113114022",New York,"22","9.79204858496357","6.42079543531633","6.42079543531633","-3.37125314964724","0"
"036113114023",New York,"23","5.86084188376258","4.60757457400292","4.60757457400292","-1.25326730975966","0"
"036113114024",New York,"24","6.58233745175249","7.59718329546059","7.59718329546059","1.0148458437081","0"
"036113114025",New York,"25","12.230082687737","13.7659539000373","13.7659539000373","1.53587121230027","0"
"039113114013",Ohio,"13","28.8490097151832","24.4371384158296","24.4371384158296","-4.41187129935368","0"
"039113114015",Ohio,"15","13.2766148281191","8.39427846709887","8.39427846709887","-4.88233636102022","0"
"048113114009",Texas,"9","47.955276489072","45.2164372605626","45.2164372605626","-2.73883922850938","0"
"040113114001",Oklahoma,"1","12.0081967904933","11.7768750263519","11.7768750263519","-0.231321764141351","0"
"040113114002",Oklahoma,"2","2.92398406688874","2.8826854374351","2.8826854374351","-0.0412986294536362","0"
"040113114003",Oklahoma,"3","2.36760494682719","2.37253095045525","2.37253095045525","0.00492600362805584","0"
"040113114004",Oklahoma,"4","4.64721508166435","4.47123891730959","4.47123891730959","-0.175976164354765","0"
"040113114005",Oklahoma,"5","9.10759449122445","9.33631295618467","9.33631295618467","0.228718464960224","0"
"041113114001",Oregon,"1","11.7701168687365","11.6237815865729","11.6237815865729","-0.146335282163568","0"
"041113114002",Oregon,"2","1.18743304058257","1.17888834349379","1.17888834349379","-0.0085446970887797","0"
"041113114003",Oregon,"3","13.5694822097423","13.0804496079974","13.0804496079974","-0.489032601744896","0"
"041113114004",Oregon,"4","3.28320980994167","3.17629776763094","3.17629776763094","-0.106912042310733","0"
"041113114005",Oregon,"5","9.54610245577735","9.56465768738076","9.56465768738076","0.0185552316034094","0"
"042113114001",Pennsylvania,"1","149.917857088305","123.703156929528","123.703156929528","-26.2147001587766","0"
"042113114003",Pennsylvania,"3","9.55707593153058","7.92734093720009","7.92734093720009","-1.62973499433049","0"
"042113114004",Pennsylvania,"4","12.3218571824808","9.11080619611526","9.11080619611526","-3.21105098636558","0"
"042113114005",Pennsylvania,"5","4.59900508934443","4.10533190028846","4.10533190028846","-0.493673189055963","0"
"048113114012",Texas,"12","6.96573186846414","12.3080838525169","12.3080838525169","5.34235198405276","0"
"048113114030",Texas,"30","25.5451934345828","27.9634561519975","27.9634561519975","2.41826271741474","0"
"055113114004",Wisconsin,"4","53.8505509886784","54.2013126398973","54.2013126398973","0.350761651218917","0"
"055113114005",Wisconsin,"5","11.5475515753433","9.7322174658347","9.7322174658347","-1.81533410950858","0"
"055113114006",Wisconsin,"6","5.45463676024332","6.22175179069928","6.22175179069928","0.767115030455966","0"
"055113114007",Wisconsin,"7","2.96464345447216","3.35490141147953","3.35490141147953","0.390257957007374","0"
"005113114004",Arkansas,"4","3.05025073874703","2.79321234447772","2.79321234447772","-0.257038394269317","0"
"006113114001",California,"1","5.84870209020813","2.35491297954951","2.35491297954951","-3.49378911065863","0"
"006113114002",California,"2","2.57997370274344","5.61910042074179","5.61910042074179","3.03912671799835","0"
"006113114003",California,"3","11.5442473097963","8.37307801756774","8.37307801756774","-3.17116929222853","0"
"006113114004",California,"4","2.83506010112725","3.51387636201541","3.51387636201541","0.678816260888159","0"
"006113114006",California,"6","14.1233326101027","36.3063416845814","36.3063416845814","22.1830090744787","0"
"006113114007",California,"7","59.6557881625497","13.6127947206297","13.6127947206297","-46.04299344192","0"
"006113114008",California,"8","113.461019567744","2.32183149875246","2.32183149875246","-111.139188068992","0"
"004113114004",Arizona,"4","22.5755150966735","3.49362977970081","3.49362977970081","-19.0818853169727","0"
"004113114006",Arizona,"6","11.1039648606632","15.7817605823133","15.7817605823133","4.67779572165009","0"
"036113114013",New York,"13","60.1951427104175","177.648186944835","177.648186944835","117.453044234417","0"
"032113114001",Nevada,"1","36.310175547789","28.8659455732699","28.8659455732699","-7.44422997451914","0"
"036113114004",New York,"4","49.7162051046753","140.302853961094","140.302853961094","90.5866488564188","0"
"006113114009",California,"9","45.5733442993372","12.2522273331873","12.2522273331873","-33.3211169661498","0"
"006113114012",California,"12","69.1982321944704","113.69469930125","113.69469930125","44.4964671067795","0"
"006113114013",California,"13","35.1975796447019","74.668683437331","74.668683437331","39.4711037926292","0"
"006113114017",California,"17","5.67483528169468","39.8280251179996","39.8280251179996","34.1531898363049","0"
"006113114030",California,"30","27.1497724151527","43.7444915912245","43.7444915912245","16.5947191760718","0"
"006113114036",California,"36","90.8613315418738","5.02076545535458","5.02076545535458","-85.8405660865192","0"
"006113114048",California,"48","34.7107982754985","50.8991974387525","50.8991974387525","16.188399163254","0"
"009113114001",Connecticut,"1","20.5389497746781","19.3557136161191","19.3557136161191","-1.183236158559","0"
"009113114002",Connecticut,"2","10.2020036947791","10.8958959835421","10.8958959835421","0.693892288763076","0"
"009113114003",Connecticut,"3","25.7293508504757","27.4518569751436","27.4518569751436","1.72250612466798","0"
"012113114010",Florida,"10","151.511295151208","13.6996145954091","13.6996145954091","-137.811680555799","0"
"012113114013",Florida,"13","15.5928441108486","139.847868017391","139.847868017391","124.255023906542","0"
"012113114014",Florida,"14","71.465591979505","92.4311899751741","92.4311899751741","20.9655979956691","0"
"017113114002",Illinois,"2","28.3431290621862","10.7484785069516","10.7484785069516","-17.5946505552345","0"
"017113114010",Illinois,"10","29.8263256741261","27.9005523894217","27.9005523894217","-1.92577328470443","0"
"018113114003",Indiana,"3","5.18665793362509","4.42973732920423","4.42973732920423","-0.756920604420851","0"
"020113114003",Kansas,"3","13.7007109627847","11.1414358215231","11.1414358215231","-2.5592751412616","0"
"020113114004",Kansas,"4","3.303878345044","2.94267456972631","2.94267456972631","-0.361203775317689","0"
"024113114008",Maryland,"8","27.6190095188034","25.8372751820391","25.8372751820391","-1.78173433676432","0"
"025113114001",Massachusetts,"1","7.32696372613137","8.02889487892518","8.02889487892518","0.701931152793811","0"
"025113114002",Massachusetts,"2","16.3395641249754","9.94201712539509","9.94201712539509","-6.3975469995803","0"
"025113114003",Massachusetts,"3","23.9854801971434","16.2599681627326","16.2599681627326","-7.72551203441081","0"
"025113114006",Massachusetts,"6","34.6431084412429","34.3783422749749","34.3783422749749","-0.264766166267933","0"
"025113114007",Massachusetts,"7","41.9209982041638","114.413336175106","114.413336175106","72.4923379709418","0"
"025113114008",Massachusetts,"8","143.477493896347","49.6077049587717","49.6077049587717","-93.8697889375757","0"
"026113114005",Michigan,"5","9.230734454066","11.7418492975891","11.7418492975891","2.51111484352307","0"
"029113114005",Missouri,"5","17.5645710393455","10.0589944785487","10.0589944785487","-7.50557656079681","0"
"034113114001",New Jersey,"1","31.0050668701315","27.1551188410202","27.1551188410202","-3.84994802911127","0"
"034113114007",New Jersey,"7","25.6275221025677","15.0989509108146","15.0989509108146","-10.5285711917531","0"
"031113114002",Nebraska,"2","18.0075188939237","14.3808008407246","14.3808008407246","-3.62671805319907","0"
"006113114028",California,"28","54.1602686674238","36.6363579440584","36.6363579440584","-17.5239107233654","0"
"021113114003",Kentucky,"3","17.1467688050941","19.9025206390406","19.9025206390406","2.75575183394649","0"
"036113114005",New York,"5","77.5392703525891","114.431713655652","114.431713655652","36.892443303063","0"
"036113114010",New York,"10","127.383020589803","338.908976023967","338.908976023967","211.525955434164","0"
"036113114027",New York,"27","9.69748496898804","6.20931018351417","6.20931018351417","-3.48817478547387","0"
"039113114010",Ohio,"10","31.084053407401","10.8268001088647","10.8268001088647","-20.2572532985362","0"
"039113114011",Ohio,"11","33.1124557693265","50.5627795145254","50.5627795145254","17.4503237451989","0"
"036113114014",New York,"14","183.174018858246","170.175159069293","170.175159069293","-12.998859788952","0"
"006113114035",California,"35","73.5887901242619","37.043624234385","37.043624234385","-36.5451658898769","0"
"026113114011",Michigan,"11","17.9369847621211","25.4774795808018","25.4774795808018","7.54049481868071","0"
"026113114012",Michigan,"12","34.1486382429713","29.023160144051","29.023160144051","-5.12547809892034","0"
